模型,F1_thr,F1(valid),F2_thr,F2(valid),Recall_min
STACK,0.37499999999999994,0.888888888888889,0.29,0.8415841584158416,0.0
XGB_cal,0.05,0.888888888888889,0.05,0.8333333333333334,0.0
RF_cal,0.05,0.8648648648648648,0.05,0.8247422680412373,0.0
LR,0.82,0.6470588235294117,0.615,0.6578947368421053,0.0
