模型,样本量,R2,AIC,BIC
OLS_全部观测_线性,1056,0.047787019693484645,-4321.61968619067,-4306.732955797872
MixedLM_随机截距(孕妇),1056,,,
