组别,N,p50_KM,p90_KM,RMST_τ26,t*,期望成本
BMI<35,226,12.857142857142858,16.428571428571427,3.4674309415670557,13.899999999999986,5.5013485040033565
BMI≥35,36,13.428571428571429,20.571428571428573,4.724206349206349,13.799999999999986,7.411111111111098
